name,href
敖博勝,https://zh.wikipedia.org/wiki/%E6%95%96%E5%8D%9A%E5%8B%9D
蔡炳坤,https://zh.wikipedia.org/wiki/%E8%94%A1%E7%82%B3%E5%9D%A4
張凱鈞,https://zh.wikipedia.org/wiki/%E5%BC%B5%E5%87%B1%E9%88%9E
陳思宇 (政治人物),https://zh.wikipedia.org/wiki/%E9%99%B3%E6%80%9D%E5%AE%87_(%E6%94%BF%E6%B2%BB%E4%BA%BA%E7%89%A9)
張哲揚,https://zh.wikipedia.org/wiki/%E5%BC%B5%E5%93%B2%E6%8F%9A
謝立功,https://zh.wikipedia.org/wiki/%E8%AC%9D%E7%AB%8B%E5%8A%9F
黃瀞瑩,https://zh.wikipedia.org/wiki/%E9%BB%83%E7%80%9E%E7%91%A9
何景榮,https://zh.wikipedia.org/wiki/%E4%BD%95%E6%99%AF%E6%A6%AE
李縉穎,https://zh.wikipedia.org/wiki/%E6%9D%8E%E7%B8%89%E7%A9%8E
劉奕霆,https://zh.wikipedia.org/wiki/%E5%8A%89%E5%A5%95%E9%9C%86
賴祥蔚,https://zh.wikipedia.org/wiki/%E8%B3%B4%E7%A5%A5%E8%94%9A
蔡宜芳,https://zh.wikipedia.org/wiki/%E8%94%A1%E5%AE%9C%E8%8A%B3
吳益政,https://zh.wikipedia.org/wiki/%E5%90%B3%E7%9B%8A%E6%94%BF
徐立信,https://zh.wikipedia.org/wiki/%E5%BE%90%E7%AB%8B%E4%BF%A1
周芳如,https://zh.wikipedia.org/wiki/%E5%91%A8%E8%8A%B3%E5%A6%82
Template:台灣民眾黨組織,https://zh.wikipedia.org/wiki/Template:%E5%8F%B0%E7%81%A3%E6%B0%91%E7%9C%BE%E9%BB%A8%E7%B5%84%E7%B9%94
吳怡萱,https://zh.wikipedia.org/wiki/%E5%90%B3%E6%80%A1%E8%90%B1
吳欣盈,https://zh.wikipedia.org/wiki/%E5%90%B3%E6%AC%A3%E7%9B%88
吳達偉 (臺灣),https://zh.wikipedia.org/wiki/%E5%90%B3%E9%81%94%E5%81%89_(%E8%87%BA%E7%81%A3)
張幸松,https://zh.wikipedia.org/wiki/%E5%BC%B5%E5%B9%B8%E6%9D%BE
張志豪 (台灣民眾黨),https://zh.wikipedia.org/wiki/%E5%BC%B5%E5%BF%97%E8%B1%AA_(%E5%8F%B0%E7%81%A3%E6%B0%91%E7%9C%BE%E9%BB%A8)
張睿倉,https://zh.wikipedia.org/wiki/%E5%BC%B5%E7%9D%BF%E5%80%89
徐千晴,https://zh.wikipedia.org/wiki/%E5%BE%90%E5%8D%83%E6%99%B4
李佳玲 (政治人物),https://zh.wikipedia.org/wiki/%E6%9D%8E%E4%BD%B3%E7%8E%B2_(%E6%94%BF%E6%B2%BB%E4%BA%BA%E7%89%A9)
李偉華,https://zh.wikipedia.org/wiki/%E6%9D%8E%E5%81%89%E8%8F%AF
李國憲 (臺灣),https://zh.wikipedia.org/wiki/%E6%9D%8E%E5%9C%8B%E6%86%B2_(%E8%87%BA%E7%81%A3)
李旻蔚,https://zh.wikipedia.org/wiki/%E6%9D%8E%E6%97%BB%E8%94%9A
林國成,https://zh.wikipedia.org/wiki/%E6%9E%97%E5%9C%8B%E6%88%90
林珍羽,https://zh.wikipedia.org/wiki/%E6%9E%97%E7%8F%8D%E7%BE%BD
林碩彥,https://zh.wikipedia.org/wiki/%E6%9E%97%E7%A2%A9%E5%BD%A5
楊博宇 (臺灣),https://zh.wikipedia.org/wiki/%E6%A5%8A%E5%8D%9A%E5%AE%87_(%E8%87%BA%E7%81%A3)
楊寶楨,https://zh.wikipedia.org/wiki/%E6%A5%8A%E5%AF%B6%E6%A5%A8
羅鼎城,https://zh.wikipedia.org/wiki/%E7%BE%85%E9%BC%8E%E5%9F%8E
莊貽量,https://zh.wikipedia.org/wiki/%E8%8E%8A%E8%B2%BD%E9%87%8F
謝文卿,https://zh.wikipedia.org/wiki/%E8%AC%9D%E6%96%87%E5%8D%BF
陳允萍,https://zh.wikipedia.org/wiki/%E9%99%B3%E5%85%81%E8%90%8D
陳泓維,https://zh.wikipedia.org/wiki/%E9%99%B3%E6%B3%93%E7%B6%AD
顏耀星,https://zh.wikipedia.org/wiki/%E9%A1%8F%E8%80%80%E6%98%9F
魏佑任,https://zh.wikipedia.org/wiki/%E9%AD%8F%E4%BD%91%E4%BB%BB
張其祿,https://zh.wikipedia.org/wiki/%E5%BC%B5%E5%85%B6%E7%A5%BF
高虹安,https://zh.wikipedia.org/wiki/%E9%AB%98%E8%99%B9%E5%AE%89
賴香伶,https://zh.wikipedia.org/wiki/%E8%B3%B4%E9%A6%99%E4%BC%B6
蔡壁如,https://zh.wikipedia.org/wiki/%E8%94%A1%E5%A3%81%E5%A6%82
邱臣遠,https://zh.wikipedia.org/wiki/%E9%82%B1%E8%87%A3%E9%81%A0
柯文哲,https://zh.wikipedia.org/wiki/%E6%9F%AF%E6%96%87%E5%93%B2
柯昱安,https://zh.wikipedia.org/wiki/%E6%9F%AF%E6%98%B1%E5%AE%89
許甫,https://zh.wikipedia.org/wiki/%E8%A8%B1%E7%94%AB
